model,seed,bits,granularity,exception,ppl_ref,ppl_quant,delta_ppl,delta_nll,nll_all,nll_sink,nll_non_sink,n_sink_cols,n_total_cols,n_exempt_positions,source
gated_1b_baseline,0,4,per_tensor,none,14.70770960215786,2306274.7094514538,2306260.0017418517,11.962772281804863,14.65114410083887,,14.65114410083887,0,255,0,gated_1b_baseline_b4_per_tensor_none_calib0.json
gated_1b_baseline,1,4,per_tensor,none,14.70770960215786,3736819.111362597,3736804.403652995,12.445373483488877,15.133745302522884,,15.133745302522884,0,255,0,gated_1b_baseline_b4_per_tensor_none_calib1.json
gated_1b_baseline,2,4,per_tensor,none,14.70770960215786,2725251.409174392,2725236.70146479,12.129699423037243,14.81807124207125,,14.81807124207125,0,255,0,gated_1b_baseline_b4_per_tensor_none_calib2.json
gated_1b_baseline,3,4,per_tensor,none,14.70770960215786,5280301.838127175,5280287.130417573,12.791122001326471,15.479493820360478,,15.479493820360478,0,255,0,gated_1b_baseline_b4_per_tensor_none_calib3.json
gated_1b_baseline,4,4,per_tensor,none,14.70770960215786,3574010.9570290814,3573996.2493194793,12.400827221423599,15.089199040457606,,15.089199040457606,0,255,0,gated_1b_baseline_b4_per_tensor_none_calib4.json
gated_1b_baseline,0,4,per_tensor,position_0,14.70770960215786,565330.9612085833,565316.2534989811,10.556794791647683,13.24516661068169,,13.24516661068169,0,255,1,gated_1b_baseline_b4_per_tensor_position_0_calib0.json
gated_1b_baseline,1,4,per_tensor,position_0,14.70770960215786,306957.46807293483,306942.7603633327,9.946092657458669,12.634464476492676,,12.634464476492676,0,255,1,gated_1b_baseline_b4_per_tensor_position_0_calib1.json
gated_1b_baseline,2,4,per_tensor,position_0,14.70770960215786,325428.5349851764,325413.82727557427,10.004526342914088,12.692898161948095,,12.692898161948095,0,255,1,gated_1b_baseline_b4_per_tensor_position_0_calib2.json
gated_1b_baseline,3,4,per_tensor,position_0,14.70770960215786,259495.8617228266,259481.15401322444,9.778124215308715,12.466496034342722,,12.466496034342722,0,255,1,gated_1b_baseline_b4_per_tensor_position_0_calib3.json
gated_1b_baseline,4,4,per_tensor,position_0,14.70770960215786,488822.0700678248,488807.36235822266,10.411382018316136,13.099753837350143,,13.099753837350143,0,255,1,gated_1b_baseline_b4_per_tensor_position_0_calib4.json
gated_1b_baseline,0,4,per_token,none,14.70770960215786,4622.123889693768,4607.416180091611,5.7502377757885075,8.438609594822514,,8.438609594822514,0,255,0,gated_1b_baseline_b4_per_token_none_calib0.json
gated_1b_baseline,1,4,per_token,none,14.70770960215786,4622.123889693768,4607.416180091611,5.7502377757885075,8.438609594822514,,8.438609594822514,0,255,0,gated_1b_baseline_b4_per_token_none_calib1.json
gated_1b_baseline,2,4,per_token,none,14.70770960215786,4622.123889693768,4607.416180091611,5.7502377757885075,8.438609594822514,,8.438609594822514,0,255,0,gated_1b_baseline_b4_per_token_none_calib2.json
gated_1b_baseline,3,4,per_token,none,14.70770960215786,4622.123889693768,4607.416180091611,5.7502377757885075,8.438609594822514,,8.438609594822514,0,255,0,gated_1b_baseline_b4_per_token_none_calib3.json
gated_1b_baseline,4,4,per_token,none,14.70770960215786,4622.123889693768,4607.416180091611,5.7502377757885075,8.438609594822514,,8.438609594822514,0,255,0,gated_1b_baseline_b4_per_token_none_calib4.json
gated_1b_baseline,0,4,per_token,position_0,14.70770960215786,3371.350888599951,3356.643178997793,5.434696981141958,8.123068800175965,,8.123068800175965,0,255,1,gated_1b_baseline_b4_per_token_position_0_calib0.json
gated_1b_baseline,1,4,per_token,position_0,14.70770960215786,3371.350888599951,3356.643178997793,5.434696981141958,8.123068800175965,,8.123068800175965,0,255,1,gated_1b_baseline_b4_per_token_position_0_calib1.json
gated_1b_baseline,2,4,per_token,position_0,14.70770960215786,3371.350888599951,3356.643178997793,5.434696981141958,8.123068800175965,,8.123068800175965,0,255,1,gated_1b_baseline_b4_per_token_position_0_calib2.json
gated_1b_baseline,3,4,per_token,position_0,14.70770960215786,3371.350888599951,3356.643178997793,5.434696981141958,8.123068800175965,,8.123068800175965,0,255,1,gated_1b_baseline_b4_per_token_position_0_calib3.json
gated_1b_baseline,4,4,per_token,position_0,14.70770960215786,3371.350888599951,3356.643178997793,5.434696981141958,8.123068800175965,,8.123068800175965,0,255,1,gated_1b_baseline_b4_per_token_position_0_calib4.json
gated_1b_baseline,0,6,per_tensor,none,14.653925054360407,1818.9381335628093,1804.284208508449,4.821299945326542,7.506008166704328,,7.506008166704328,0,255,0,gated_1b_baseline_b6_per_tensor_none_calib0.json
gated_1b_baseline,1,6,per_tensor,none,14.653925054360407,1844.506255801265,1829.8523307469047,4.835258687250517,7.519966908628303,,7.519966908628303,0,255,0,gated_1b_baseline_b6_per_tensor_none_calib1.json
gated_1b_baseline,2,6,per_tensor,none,14.653925054360407,3385.955373333723,3371.3014482793624,5.442683161468761,8.127391382846547,,8.127391382846547,0,255,0,gated_1b_baseline_b6_per_tensor_none_calib2.json
gated_1b_baseline,3,6,per_tensor,none,14.653925054360407,1271.216362890624,1256.5624378362636,4.4630212657651995,7.1477294871429855,,7.1477294871429855,0,255,0,gated_1b_baseline_b6_per_tensor_none_calib3.json
gated_1b_baseline,4,6,per_tensor,none,14.653925054360407,2069.327845040367,2054.6739199860062,4.950270899610212,7.634979120987997,,7.634979120987997,0,255,0,gated_1b_baseline_b6_per_tensor_none_calib4.json
gated_1b_baseline,0,6,per_tensor,position_0,14.653925054360407,804.2250369720437,789.5711119176832,4.0051709053687965,6.689879126746582,,6.689879126746582,0,255,1,gated_1b_baseline_b6_per_tensor_position_0_calib0.json
gated_1b_baseline,1,6,per_tensor,position_0,14.653925054360407,724.0868770867307,709.4329520323703,3.900203159785137,6.5849113811629225,,6.5849113811629225,0,255,1,gated_1b_baseline_b6_per_tensor_position_0_calib1.json
gated_1b_baseline,2,6,per_tensor,position_0,14.653925054360407,1010.0714149663814,995.417489912021,4.2330680938453416,6.917776315223127,,6.917776315223127,0,255,1,gated_1b_baseline_b6_per_tensor_position_0_calib2.json
gated_1b_baseline,3,6,per_tensor,position_0,14.653925054360407,571.0533626757181,556.3994376213576,3.662774438685186,6.347482660062972,,6.347482660062972,0,255,1,gated_1b_baseline_b6_per_tensor_position_0_calib3.json
gated_1b_baseline,4,6,per_tensor,position_0,14.653925054360407,902.7069585564404,888.05303350208,4.120689759500181,6.805397980877966,,6.805397980877966,0,255,1,gated_1b_baseline_b6_per_tensor_position_0_calib4.json
gated_1b_baseline,0,6,per_token,none,14.653925054360407,18.455388192846204,3.801463138485797,0.23064814944519663,2.915356370822982,,2.915356370822982,0,255,0,gated_1b_baseline_b6_per_token_none_calib0.json
gated_1b_baseline,1,6,per_token,none,14.653925054360407,18.455388192846204,3.801463138485797,0.23064814944519663,2.915356370822982,,2.915356370822982,0,255,0,gated_1b_baseline_b6_per_token_none_calib1.json
gated_1b_baseline,2,6,per_token,none,14.653925054360407,18.455388192846204,3.801463138485797,0.23064814944519663,2.915356370822982,,2.915356370822982,0,255,0,gated_1b_baseline_b6_per_token_none_calib2.json
gated_1b_baseline,3,6,per_token,none,14.653925054360407,18.455388192846204,3.801463138485797,0.23064814944519663,2.915356370822982,,2.915356370822982,0,255,0,gated_1b_baseline_b6_per_token_none_calib3.json
gated_1b_baseline,4,6,per_token,none,14.653925054360407,18.455388192846204,3.801463138485797,0.23064814944519663,2.915356370822982,,2.915356370822982,0,255,0,gated_1b_baseline_b6_per_token_none_calib4.json
gated_1b_baseline,0,6,per_token,position_0,14.653925054360407,18.345648087769508,3.691723033409101,0.2246841635661201,2.9093923849439056,,2.9093923849439056,0,255,1,gated_1b_baseline_b6_per_token_position_0_calib0.json
gated_1b_baseline,1,6,per_token,position_0,14.653925054360407,18.345648087769508,3.691723033409101,0.2246841635661201,2.9093923849439056,,2.9093923849439056,0,255,1,gated_1b_baseline_b6_per_token_position_0_calib1.json
gated_1b_baseline,2,6,per_token,position_0,14.653925054360407,18.345648087769508,3.691723033409101,0.2246841635661201,2.9093923849439056,,2.9093923849439056,0,255,1,gated_1b_baseline_b6_per_token_position_0_calib2.json
gated_1b_baseline,3,6,per_token,position_0,14.653925054360407,18.345648087769508,3.691723033409101,0.2246841635661201,2.9093923849439056,,2.9093923849439056,0,255,1,gated_1b_baseline_b6_per_token_position_0_calib3.json
gated_1b_baseline,4,6,per_token,position_0,14.653925054360407,18.345648087769508,3.691723033409101,0.2246841635661201,2.9093923849439056,,2.9093923849439056,0,255,1,gated_1b_baseline_b6_per_token_position_0_calib4.json
gated_1b_baseline,0,8,per_tensor,none,14.70770960215786,32.65019418789903,17.94248458574117,0.7974789842327383,3.4858508032667452,,3.4858508032667452,0,255,0,gated_1b_baseline_b8_per_tensor_none_calib0.json
gated_1b_baseline,1,8,per_tensor,none,14.70770960215786,31.93545499757209,17.22774539541423,0.7753450154926442,3.463716834526651,,3.463716834526651,0,255,0,gated_1b_baseline_b8_per_tensor_none_calib1.json
gated_1b_baseline,2,8,per_tensor,none,14.70770960215786,35.39529652133455,20.687586919176688,0.8782071256492019,3.566578944683209,,3.566578944683209,0,255,0,gated_1b_baseline_b8_per_tensor_none_calib2.json
gated_1b_baseline,3,8,per_tensor,none,14.70770960215786,31.692784838424107,16.985075236266248,0.7677172283219917,3.4560890473559986,,3.4560890473559986,0,255,0,gated_1b_baseline_b8_per_tensor_none_calib3.json
gated_1b_baseline,4,8,per_tensor,none,14.70770960215786,34.21280228893439,19.50509268677653,0.844228090922091,3.532599909956098,,3.532599909956098,0,255,0,gated_1b_baseline_b8_per_tensor_none_calib4.json
gated_1b_baseline,0,8,per_tensor,position_0,14.70770960215786,17.130214126618238,2.4225045244603773,0.15247199331836425,2.840843812352371,,2.840843812352371,0,255,1,gated_1b_baseline_b8_per_tensor_position_0_calib0.json
gated_1b_baseline,1,8,per_tensor,position_0,14.70770960215786,17.130312733223693,2.4226031310658325,0.15247774959910432,2.840849568633111,,2.840849568633111,0,255,1,gated_1b_baseline_b8_per_tensor_position_0_calib1.json
gated_1b_baseline,2,8,per_tensor,position_0,14.70770960215786,17.41030197841632,2.70259237625846,0.16869027970860806,2.857062098742615,,2.857062098742615,0,255,1,gated_1b_baseline_b8_per_tensor_position_0_calib2.json
gated_1b_baseline,3,8,per_tensor,position_0,14.70770960215786,16.949797811607244,2.242088209449383,0.14188408620256032,2.8302559052365672,,2.8302559052365672,0,255,1,gated_1b_baseline_b8_per_tensor_position_0_calib3.json
gated_1b_baseline,4,8,per_tensor,position_0,14.70770960215786,17.186842357053763,2.479132754895902,0.15577229279841465,2.8441441118324216,,2.8441441118324216,0,255,1,gated_1b_baseline_b8_per_tensor_position_0_calib4.json
gated_1b_baseline,0,8,per_token,none,14.70770960215786,15.346816129234277,0.6391065270764162,0.04253621519412398,2.730908034228131,,2.730908034228131,0,255,0,gated_1b_baseline_b8_per_token_none_calib0.json
gated_1b_baseline,1,8,per_token,none,14.70770960215786,15.346816129234277,0.6391065270764162,0.04253621519412398,2.730908034228131,,2.730908034228131,0,255,0,gated_1b_baseline_b8_per_token_none_calib1.json
gated_1b_baseline,2,8,per_token,none,14.70770960215786,15.346816129234277,0.6391065270764162,0.04253621519412398,2.730908034228131,,2.730908034228131,0,255,0,gated_1b_baseline_b8_per_token_none_calib2.json
gated_1b_baseline,3,8,per_token,none,14.70770960215786,15.346816129234277,0.6391065270764162,0.04253621519412398,2.730908034228131,,2.730908034228131,0,255,0,gated_1b_baseline_b8_per_token_none_calib3.json
gated_1b_baseline,4,8,per_token,none,14.70770960215786,15.346816129234277,0.6391065270764162,0.04253621519412398,2.730908034228131,,2.730908034228131,0,255,0,gated_1b_baseline_b8_per_token_none_calib4.json
gated_1b_baseline,0,8,per_token,position_0,14.70770960215786,15.03831760407222,0.33060800191436,0.022229631799361993,2.710601450833369,,2.710601450833369,0,255,1,gated_1b_baseline_b8_per_token_position_0_calib0.json
gated_1b_baseline,1,8,per_token,position_0,14.70770960215786,15.03831760407222,0.33060800191436,0.022229631799361993,2.710601450833369,,2.710601450833369,0,255,1,gated_1b_baseline_b8_per_token_position_0_calib1.json
gated_1b_baseline,2,8,per_token,position_0,14.70770960215786,15.03831760407222,0.33060800191436,0.022229631799361993,2.710601450833369,,2.710601450833369,0,255,1,gated_1b_baseline_b8_per_token_position_0_calib2.json
gated_1b_baseline,3,8,per_token,position_0,14.70770960215786,15.03831760407222,0.33060800191436,0.022229631799361993,2.710601450833369,,2.710601450833369,0,255,1,gated_1b_baseline_b8_per_token_position_0_calib3.json
gated_1b_baseline,4,8,per_token,position_0,14.70770960215786,15.03831760407222,0.33060800191436,0.022229631799361993,2.710601450833369,,2.710601450833369,0,255,1,gated_1b_baseline_b8_per_token_position_0_calib4.json
gated_1b_elementwise,0,4,per_tensor,none,14.47735645757423,433341.0001414307,433326.52278497315,10.30669442103533,12.979280226241213,,12.979280226241213,0,255,0,gated_1b_elementwise_b4_per_tensor_none_calib0.json
gated_1b_elementwise,1,4,per_tensor,none,14.47735645757423,769549.3501644449,769534.8728079873,10.880974557766079,13.553560362971963,,13.553560362971963,0,255,0,gated_1b_elementwise_b4_per_tensor_none_calib1.json
gated_1b_elementwise,2,4,per_tensor,none,14.47735645757423,1853660.8634735988,1853646.3861171412,11.760087281634593,14.432673086840477,,14.432673086840477,0,255,0,gated_1b_elementwise_b4_per_tensor_none_calib2.json
gated_1b_elementwise,3,4,per_tensor,none,14.47735645757423,1983219.3078968355,1983204.8305403779,11.82764619017838,14.500231995384263,,14.500231995384263,0,255,0,gated_1b_elementwise_b4_per_tensor_none_calib3.json
gated_1b_elementwise,4,4,per_tensor,none,14.47735645757423,593305.7736020419,593291.2962455843,10.620879378330164,13.293465183536048,,13.293465183536048,0,255,0,gated_1b_elementwise_b4_per_tensor_none_calib4.json
gated_1b_elementwise,0,4,per_tensor,position_0,14.47735645757423,121034.42376413653,121019.94640767896,9.031244472830757,11.70383027803664,,11.70383027803664,0,255,1,gated_1b_elementwise_b4_per_tensor_position_0_calib0.json
gated_1b_elementwise,1,4,per_tensor,position_0,14.47735645757423,132006.87584392415,131992.39848746656,9.1180234847327,11.790609289938583,,11.790609289938583,0,255,1,gated_1b_elementwise_b4_per_tensor_position_0_calib1.json
gated_1b_elementwise,2,4,per_tensor,position_0,14.47735645757423,238762.26543180682,238747.78807534924,9.710637825353881,12.383223630559765,,12.383223630559765,0,255,1,gated_1b_elementwise_b4_per_tensor_position_0_calib2.json
gated_1b_elementwise,3,4,per_tensor,position_0,14.47735645757423,165586.0743994346,165571.59704297702,9.344660620400646,12.01724642560653,,12.01724642560653,0,255,1,gated_1b_elementwise_b4_per_tensor_position_0_calib3.json
gated_1b_elementwise,4,4,per_tensor,position_0,14.47735645757423,133455.6908793773,133441.21352291972,9.128938992999128,11.801524798205012,,11.801524798205012,0,255,1,gated_1b_elementwise_b4_per_tensor_position_0_calib4.json
gated_1b_elementwise,0,4,per_token,none,14.47735645757423,18511.687796443806,18497.210439986233,7.15357177915687,9.826157584362754,,9.826157584362754,0,255,0,gated_1b_elementwise_b4_per_token_none_calib0.json
gated_1b_elementwise,1,4,per_token,none,14.47735645757423,18511.687796443806,18497.210439986233,7.15357177915687,9.826157584362754,,9.826157584362754,0,255,0,gated_1b_elementwise_b4_per_token_none_calib1.json
gated_1b_elementwise,2,4,per_token,none,14.47735645757423,18511.687796443806,18497.210439986233,7.15357177915687,9.826157584362754,,9.826157584362754,0,255,0,gated_1b_elementwise_b4_per_token_none_calib2.json
gated_1b_elementwise,3,4,per_token,none,14.47735645757423,18511.687796443806,18497.210439986233,7.15357177915687,9.826157584362754,,9.826157584362754,0,255,0,gated_1b_elementwise_b4_per_token_none_calib3.json
gated_1b_elementwise,4,4,per_token,none,14.47735645757423,18511.687796443806,18497.210439986233,7.15357177915687,9.826157584362754,,9.826157584362754,0,255,0,gated_1b_elementwise_b4_per_token_none_calib4.json
gated_1b_elementwise,0,4,per_token,position_0,14.47735645757423,18396.90389099998,18382.426534542406,7.1473518574392685,9.819937662645152,,9.819937662645152,0,255,1,gated_1b_elementwise_b4_per_token_position_0_calib0.json
gated_1b_elementwise,1,4,per_token,position_0,14.47735645757423,18396.90389099998,18382.426534542406,7.1473518574392685,9.819937662645152,,9.819937662645152,0,255,1,gated_1b_elementwise_b4_per_token_position_0_calib1.json
gated_1b_elementwise,2,4,per_token,position_0,14.47735645757423,18396.90389099998,18382.426534542406,7.1473518574392685,9.819937662645152,,9.819937662645152,0,255,1,gated_1b_elementwise_b4_per_token_position_0_calib2.json
gated_1b_elementwise,3,4,per_token,position_0,14.47735645757423,18396.90389099998,18382.426534542406,7.1473518574392685,9.819937662645152,,9.819937662645152,0,255,1,gated_1b_elementwise_b4_per_token_position_0_calib3.json
gated_1b_elementwise,4,4,per_token,position_0,14.47735645757423,18396.90389099998,18382.426534542406,7.1473518574392685,9.819937662645152,,9.819937662645152,0,255,1,gated_1b_elementwise_b4_per_token_position_0_calib4.json
gated_1b_elementwise,0,6,per_tensor,none,14.46930003504886,128761.90644515588,128747.43714512083,9.093691125548867,11.765720291494155,,11.765720291494155,0,255,0,gated_1b_elementwise_b6_per_tensor_none_calib0.json
gated_1b_elementwise,1,6,per_tensor,none,14.46930003504886,112898.98189985381,112884.51259981876,8.962219566435719,11.634248732381007,,11.634248732381007,0,255,0,gated_1b_elementwise_b6_per_tensor_none_calib1.json
gated_1b_elementwise,2,6,per_tensor,none,14.46930003504886,119316.05390942513,119301.58460939008,9.01750200064327,11.689531166588559,,11.689531166588559,0,255,0,gated_1b_elementwise_b6_per_tensor_none_calib2.json
gated_1b_elementwise,3,6,per_tensor,none,14.46930003504886,119598.98036351126,119584.51106347621,9.019870429128337,11.691899595073625,,11.691899595073625,0,255,0,gated_1b_elementwise_b6_per_tensor_none_calib3.json
gated_1b_elementwise,4,6,per_tensor,none,14.46930003504886,118627.35965667338,118612.89035663832,9.011713261500807,11.683742427446095,,11.683742427446095,0,255,0,gated_1b_elementwise_b6_per_tensor_none_calib4.json
gated_1b_elementwise,0,6,per_tensor,position_0,14.46930003504886,75419.8369159186,75405.36761588354,8.558796442519437,11.230825608464725,,11.230825608464725,0,255,1,gated_1b_elementwise_b6_per_tensor_position_0_calib0.json
gated_1b_elementwise,1,6,per_tensor,position_0,14.46930003504886,71410.86672333065,71396.3974232956,8.504176165806534,11.176205331751822,,11.176205331751822,0,255,1,gated_1b_elementwise_b6_per_tensor_position_0_calib1.json
gated_1b_elementwise,2,6,per_tensor,position_0,14.46930003504886,79315.83710301193,79301.36780297688,8.609163932999197,11.281193098944485,,11.281193098944485,0,255,1,gated_1b_elementwise_b6_per_tensor_position_0_calib2.json
gated_1b_elementwise,3,6,per_tensor,position_0,14.46930003504886,72244.00502957733,72229.53572954227,8.515775461217572,11.18780462716286,,11.18780462716286,0,255,1,gated_1b_elementwise_b6_per_tensor_position_0_calib3.json
gated_1b_elementwise,4,6,per_tensor,position_0,14.46930003504886,79367.54932862423,79353.08002858917,8.609815699117954,11.281844865063242,,11.281844865063242,0,255,1,gated_1b_elementwise_b6_per_tensor_position_0_calib4.json
gated_1b_elementwise,0,6,per_token,none,14.46930003504886,128.29910656174022,113.82980652669136,2.1823351419867425,4.85436430793203,,4.85436430793203,0,255,0,gated_1b_elementwise_b6_per_token_none_calib0.json
gated_1b_elementwise,1,6,per_token,none,14.46930003504886,128.29910656174022,113.82980652669136,2.1823351419867425,4.85436430793203,,4.85436430793203,0,255,0,gated_1b_elementwise_b6_per_token_none_calib1.json
gated_1b_elementwise,2,6,per_token,none,14.46930003504886,128.29910656174022,113.82980652669136,2.1823351419867425,4.85436430793203,,4.85436430793203,0,255,0,gated_1b_elementwise_b6_per_token_none_calib2.json
gated_1b_elementwise,3,6,per_token,none,14.46930003504886,128.29910656174022,113.82980652669136,2.1823351419867425,4.85436430793203,,4.85436430793203,0,255,0,gated_1b_elementwise_b6_per_token_none_calib3.json
gated_1b_elementwise,4,6,per_token,none,14.46930003504886,128.29910656174022,113.82980652669136,2.1823351419867425,4.85436430793203,,4.85436430793203,0,255,0,gated_1b_elementwise_b6_per_token_none_calib4.json
gated_1b_elementwise,0,6,per_token,position_0,14.46930003504886,115.68263411353323,101.21333407848437,2.078821362896904,4.750850528842192,,4.750850528842192,0,255,1,gated_1b_elementwise_b6_per_token_position_0_calib0.json
gated_1b_elementwise,1,6,per_token,position_0,14.46930003504886,115.68263411353323,101.21333407848437,2.078821362896904,4.750850528842192,,4.750850528842192,0,255,1,gated_1b_elementwise_b6_per_token_position_0_calib1.json
gated_1b_elementwise,2,6,per_token,position_0,14.46930003504886,115.68263411353323,101.21333407848437,2.078821362896904,4.750850528842192,,4.750850528842192,0,255,1,gated_1b_elementwise_b6_per_token_position_0_calib2.json
gated_1b_elementwise,3,6,per_token,position_0,14.46930003504886,115.68263411353323,101.21333407848437,2.078821362896904,4.750850528842192,,4.750850528842192,0,255,1,gated_1b_elementwise_b6_per_token_position_0_calib3.json
gated_1b_elementwise,4,6,per_token,position_0,14.46930003504886,115.68263411353323,101.21333407848437,2.078821362896904,4.750850528842192,,4.750850528842192,0,255,1,gated_1b_elementwise_b6_per_token_position_0_calib4.json
gated_1b_elementwise,0,8,per_tensor,none,14.47735645757423,3721.855693603563,3707.3783371459886,5.549391860047367,8.22197766525325,,8.22197766525325,0,255,0,gated_1b_elementwise_b8_per_tensor_none_calib0.json
gated_1b_elementwise,1,8,per_tensor,none,14.47735645757423,3456.2857531570326,3441.808396699458,5.475364004505154,8.147949809711038,,8.147949809711038,0,255,0,gated_1b_elementwise_b8_per_tensor_none_calib1.json
gated_1b_elementwise,2,8,per_tensor,none,14.47735645757423,3932.5028487873283,3918.025492329754,5.6044455541477305,8.277031359353614,,8.277031359353614,0,255,0,gated_1b_elementwise_b8_per_tensor_none_calib2.json
gated_1b_elementwise,3,8,per_tensor,none,14.47735645757423,3539.1349536258836,3524.657597168309,5.499051807677821,8.171637612883705,,8.171637612883705,0,255,0,gated_1b_elementwise_b8_per_tensor_none_calib3.json
gated_1b_elementwise,4,8,per_tensor,none,14.47735645757423,3421.77189975364,3407.2945432960655,5.465327990026811,8.137913795232695,,8.137913795232695,0,255,0,gated_1b_elementwise_b8_per_tensor_none_calib4.json
gated_1b_elementwise,0,8,per_tensor,position_0,14.47735645757423,3139.323102670394,3124.8457462128194,5.379176678059382,8.051762483265266,,8.051762483265266,0,255,1,gated_1b_elementwise_b8_per_tensor_position_0_calib0.json
gated_1b_elementwise,1,8,per_tensor,position_0,14.47735645757423,3073.046465469781,3058.569109012207,5.3578388773666745,8.030424682572558,,8.030424682572558,0,255,1,gated_1b_elementwise_b8_per_tensor_position_0_calib1.json
gated_1b_elementwise,2,8,per_tensor,position_0,14.47735645757423,3426.6298444343524,3412.152487976778,5.466746699289786,8.13933250449567,,8.13933250449567,0,255,1,gated_1b_elementwise_b8_per_tensor_position_0_calib2.json
gated_1b_elementwise,3,8,per_tensor,position_0,14.47735645757423,3139.529037529156,3125.0516810715817,5.379242274399044,8.051828079604928,,8.051828079604928,0,255,1,gated_1b_elementwise_b8_per_tensor_position_0_calib3.json
gated_1b_elementwise,4,8,per_tensor,position_0,14.47735645757423,2978.978601896143,2964.5012454385687,5.32674996449944,7.999335769705324,,7.999335769705324,0,255,1,gated_1b_elementwise_b8_per_tensor_position_0_calib4.json
gated_1b_elementwise,0,8,per_token,none,14.47735645757423,15.12803646574806,0.6506800081738309,0.043963936627804845,2.716549741833689,,2.716549741833689,0,255,0,gated_1b_elementwise_b8_per_token_none_calib0.json
gated_1b_elementwise,1,8,per_token,none,14.47735645757423,15.12803646574806,0.6506800081738309,0.043963936627804845,2.716549741833689,,2.716549741833689,0,255,0,gated_1b_elementwise_b8_per_token_none_calib1.json
gated_1b_elementwise,2,8,per_token,none,14.47735645757423,15.12803646574806,0.6506800081738309,0.043963936627804845,2.716549741833689,,2.716549741833689,0,255,0,gated_1b_elementwise_b8_per_token_none_calib2.json
gated_1b_elementwise,3,8,per_token,none,14.47735645757423,15.12803646574806,0.6506800081738309,0.043963936627804845,2.716549741833689,,2.716549741833689,0,255,0,gated_1b_elementwise_b8_per_token_none_calib3.json
gated_1b_elementwise,4,8,per_token,none,14.47735645757423,15.12803646574806,0.6506800081738309,0.043963936627804845,2.716549741833689,,2.716549741833689,0,255,0,gated_1b_elementwise_b8_per_token_none_calib4.json
gated_1b_elementwise,0,8,per_token,position_0,14.47735645757423,15.113973539981124,0.6366170824068949,0.04303391069514273,2.7156197159010267,,2.7156197159010267,0,255,1,gated_1b_elementwise_b8_per_token_position_0_calib0.json
gated_1b_elementwise,1,8,per_token,position_0,14.47735645757423,15.113973539981124,0.6366170824068949,0.04303391069514273,2.7156197159010267,,2.7156197159010267,0,255,1,gated_1b_elementwise_b8_per_token_position_0_calib1.json
gated_1b_elementwise,2,8,per_token,position_0,14.47735645757423,15.113973539981124,0.6366170824068949,0.04303391069514273,2.7156197159010267,,2.7156197159010267,0,255,1,gated_1b_elementwise_b8_per_token_position_0_calib2.json
gated_1b_elementwise,3,8,per_token,position_0,14.47735645757423,15.113973539981124,0.6366170824068949,0.04303391069514273,2.7156197159010267,,2.7156197159010267,0,255,1,gated_1b_elementwise_b8_per_token_position_0_calib3.json
gated_1b_elementwise,4,8,per_token,position_0,14.47735645757423,15.113973539981124,0.6366170824068949,0.04303391069514273,2.7156197159010267,,2.7156197159010267,0,255,1,gated_1b_elementwise_b8_per_token_position_0_calib4.json
gated_1b_headwise,0,4,per_tensor,none,14.591835641255223,347116.5048946447,347101.9130590035,10.076953581905421,12.757415751553843,,12.757415751553843,0,255,0,gated_1b_headwise_b4_per_tensor_none_calib0.json
gated_1b_headwise,1,4,per_tensor,none,14.591835641255223,359672.47710161225,359657.885265971,10.112486940848704,12.792949110497126,,12.792949110497126,0,255,0,gated_1b_headwise_b4_per_tensor_none_calib1.json
gated_1b_headwise,2,4,per_tensor,none,14.591835641255223,206729.49341034013,206714.9015746989,9.558704252878606,12.239166422527028,,12.239166422527028,0,255,0,gated_1b_headwise_b4_per_tensor_none_calib2.json
gated_1b_headwise,3,4,per_tensor,none,14.591835641255223,364431.06912668934,364416.4772910481,10.125630532135192,12.806092701783614,,12.806092701783614,0,255,0,gated_1b_headwise_b4_per_tensor_none_calib3.json
gated_1b_headwise,4,4,per_tensor,none,14.591835641255223,535594.4365357438,535579.8447001025,10.510670335747538,13.19113250539596,,13.19113250539596,0,255,0,gated_1b_headwise_b4_per_tensor_none_calib4.json
gated_1b_headwise,0,4,per_tensor,position_0,14.591835641255223,297435.9692199882,297421.37738434697,9.92249208164156,12.602954251289981,,12.602954251289981,0,255,1,gated_1b_headwise_b4_per_tensor_position_0_calib0.json
gated_1b_headwise,1,4,per_tensor,position_0,14.591835641255223,309795.1033533446,309780.51151770336,9.963204231359887,12.643666401008309,,12.643666401008309,0,255,1,gated_1b_headwise_b4_per_tensor_position_0_calib1.json
gated_1b_headwise,2,4,per_tensor,position_0,14.591835641255223,209868.24082960968,209853.64899396844,9.57377301851708,12.254235188165502,,12.254235188165502,0,255,1,gated_1b_headwise_b4_per_tensor_position_0_calib2.json
gated_1b_headwise,3,4,per_tensor,position_0,14.591835641255223,296647.7656750298,296633.17383938853,9.919838570154381,12.600300739802803,,12.600300739802803,0,255,1,gated_1b_headwise_b4_per_tensor_position_0_calib3.json
gated_1b_headwise,4,4,per_tensor,position_0,14.591835641255223,478689.85972349247,478675.2678878512,10.39834602256128,13.078808192209701,,13.078808192209701,0,255,1,gated_1b_headwise_b4_per_tensor_position_0_calib4.json
gated_1b_headwise,0,4,per_token,none,14.591835641255223,2156.9897355006938,2142.3978998594384,4.996006718037105,7.676468887685527,,7.676468887685527,0,255,0,gated_1b_headwise_b4_per_token_none_calib0.json
gated_1b_headwise,1,4,per_token,none,14.591835641255223,2156.9897355006938,2142.3978998594384,4.996006718037105,7.676468887685527,,7.676468887685527,0,255,0,gated_1b_headwise_b4_per_token_none_calib1.json
gated_1b_headwise,2,4,per_token,none,14.591835641255223,2156.9897355006938,2142.3978998594384,4.996006718037105,7.676468887685527,,7.676468887685527,0,255,0,gated_1b_headwise_b4_per_token_none_calib2.json
gated_1b_headwise,3,4,per_token,none,14.591835641255223,2156.9897355006938,2142.3978998594384,4.996006718037105,7.676468887685527,,7.676468887685527,0,255,0,gated_1b_headwise_b4_per_token_none_calib3.json
gated_1b_headwise,4,4,per_token,none,14.591835641255223,2156.9897355006938,2142.3978998594384,4.996006718037105,7.676468887685527,,7.676468887685527,0,255,0,gated_1b_headwise_b4_per_token_none_calib4.json
gated_1b_headwise,0,4,per_token,position_0,14.591835641255223,1364.3174490525023,1349.725613411247,4.537947375586111,7.218409545234532,,7.218409545234532,0,255,1,gated_1b_headwise_b4_per_token_position_0_calib0.json
gated_1b_headwise,1,4,per_token,position_0,14.591835641255223,1364.3174490525023,1349.725613411247,4.537947375586111,7.218409545234532,,7.218409545234532,0,255,1,gated_1b_headwise_b4_per_token_position_0_calib1.json
gated_1b_headwise,2,4,per_token,position_0,14.591835641255223,1364.3174490525023,1349.725613411247,4.537947375586111,7.218409545234532,,7.218409545234532,0,255,1,gated_1b_headwise_b4_per_token_position_0_calib2.json
gated_1b_headwise,3,4,per_token,position_0,14.591835641255223,1364.3174490525023,1349.725613411247,4.537947375586111,7.218409545234532,,7.218409545234532,0,255,1,gated_1b_headwise_b4_per_token_position_0_calib3.json
gated_1b_headwise,4,4,per_token,position_0,14.591835641255223,1364.3174490525023,1349.725613411247,4.537947375586111,7.218409545234532,,7.218409545234532,0,255,1,gated_1b_headwise_b4_per_token_position_0_calib4.json
gated_1b_headwise,0,6,per_tensor,none,14.57637089891779,121.49922846545313,106.92285756653534,2.120506126623721,4.799907912681866,,4.799907912681866,0,255,0,gated_1b_headwise_b6_per_tensor_none_calib0.json
gated_1b_headwise,1,6,per_tensor,none,14.57637089891779,96.9851288829325,82.40875798401471,1.895155870206752,4.574557656264897,,4.574557656264897,0,255,0,gated_1b_headwise_b6_per_tensor_none_calib1.json
gated_1b_headwise,2,6,per_tensor,none,14.57637089891779,125.45311792339776,110.87674702447997,2.1525303403585276,4.831932126416673,,4.831932126416673,0,255,0,gated_1b_headwise_b6_per_tensor_none_calib2.json
gated_1b_headwise,3,6,per_tensor,none,14.57637089891779,78.09141948327486,63.515048584357075,1.6784783989806806,4.357880185038826,,4.357880185038826,0,255,0,gated_1b_headwise_b6_per_tensor_none_calib3.json
gated_1b_headwise,4,6,per_tensor,none,14.57637089891779,90.99331091720553,76.41694001828775,1.831384211352642,4.510785997410787,,4.510785997410787,0,255,0,gated_1b_headwise_b6_per_tensor_none_calib4.json
gated_1b_headwise,0,6,per_tensor,position_0,14.57637089891779,86.3444988150435,71.7681279161257,1.7789433085148705,4.458345094573016,,4.458345094573016,0,255,1,gated_1b_headwise_b6_per_tensor_position_0_calib0.json
gated_1b_headwise,1,6,per_tensor,position_0,14.57637089891779,75.44841281153396,60.87204191261617,1.6440473626393368,4.323449148697482,,4.323449148697482,0,255,1,gated_1b_headwise_b6_per_tensor_position_0_calib1.json
gated_1b_headwise,2,6,per_tensor,position_0,14.57637089891779,91.95298669806941,77.37661579915162,1.8418756462272459,4.521277432285391,,4.521277432285391,0,255,1,gated_1b_headwise_b6_per_tensor_position_0_calib2.json
gated_1b_headwise,3,6,per_tensor,position_0,14.57637089891779,63.17114345313424,48.59477255421645,1.4664458198938668,4.145847605952012,,4.145847605952012,0,255,1,gated_1b_headwise_b6_per_tensor_position_0_calib3.json
gated_1b_headwise,4,6,per_tensor,position_0,14.57637089891779,68.45619499656773,53.879824097649944,1.546792265548464,4.226194051606609,,4.226194051606609,0,255,1,gated_1b_headwise_b6_per_tensor_position_0_calib4.json
gated_1b_headwise,0,6,per_token,none,14.57637089891779,17.64485358595435,3.0684826870365605,0.19104237327066897,2.870444159328814,,2.870444159328814,0,255,0,gated_1b_headwise_b6_per_token_none_calib0.json
gated_1b_headwise,1,6,per_token,none,14.57637089891779,17.64485358595435,3.0684826870365605,0.19104237327066897,2.870444159328814,,2.870444159328814,0,255,0,gated_1b_headwise_b6_per_token_none_calib1.json
gated_1b_headwise,2,6,per_token,none,14.57637089891779,17.64485358595435,3.0684826870365605,0.19104237327066897,2.870444159328814,,2.870444159328814,0,255,0,gated_1b_headwise_b6_per_token_none_calib2.json
gated_1b_headwise,3,6,per_token,none,14.57637089891779,17.64485358595435,3.0684826870365605,0.19104237327066897,2.870444159328814,,2.870444159328814,0,255,0,gated_1b_headwise_b6_per_token_none_calib3.json
gated_1b_headwise,4,6,per_token,none,14.57637089891779,17.64485358595435,3.0684826870365605,0.19104237327066897,2.870444159328814,,2.870444159328814,0,255,0,gated_1b_headwise_b6_per_token_none_calib4.json
gated_1b_headwise,0,6,per_token,position_0,14.57637089891779,17.60862584985567,3.0322549509378796,0.18898710102911664,2.868388887087262,,2.868388887087262,0,255,1,gated_1b_headwise_b6_per_token_position_0_calib0.json
gated_1b_headwise,1,6,per_token,position_0,14.57637089891779,17.60862584985567,3.0322549509378796,0.18898710102911664,2.868388887087262,,2.868388887087262,0,255,1,gated_1b_headwise_b6_per_token_position_0_calib1.json
gated_1b_headwise,2,6,per_token,position_0,14.57637089891779,17.60862584985567,3.0322549509378796,0.18898710102911664,2.868388887087262,,2.868388887087262,0,255,1,gated_1b_headwise_b6_per_token_position_0_calib2.json
gated_1b_headwise,3,6,per_token,position_0,14.57637089891779,17.60862584985567,3.0322549509378796,0.18898710102911664,2.868388887087262,,2.868388887087262,0,255,1,gated_1b_headwise_b6_per_token_position_0_calib3.json
gated_1b_headwise,4,6,per_token,position_0,14.57637089891779,17.60862584985567,3.0322549509378796,0.18898710102911664,2.868388887087262,,2.868388887087262,0,255,1,gated_1b_headwise_b6_per_token_position_0_calib4.json
gated_1b_headwise,0,8,per_tensor,none,14.591835641255223,16.88549150792005,2.293655866664828,0.145992592910845,2.8264547625592664,,2.8264547625592664,0,255,0,gated_1b_headwise_b8_per_tensor_none_calib0.json
gated_1b_headwise,1,8,per_tensor,none,14.591835641255223,16.882208483781437,2.2903728425262138,0.1457981453085644,2.826260314956986,,2.826260314956986,0,255,0,gated_1b_headwise_b8_per_tensor_none_calib1.json
gated_1b_headwise,2,8,per_tensor,none,14.591835641255223,16.69613523791649,2.104299596661267,0.13471510011262922,2.8151772697610506,,2.8151772697610506,0,255,0,gated_1b_headwise_b8_per_tensor_none_calib2.json
gated_1b_headwise,3,8,per_tensor,none,14.591835641255223,16.714879488731736,2.123043847476513,0.1358371404298806,2.816299310078302,,2.816299310078302,0,255,0,gated_1b_headwise_b8_per_tensor_none_calib3.json
gated_1b_headwise,4,8,per_tensor,none,14.591835641255223,16.620147252170455,2.0283116109152317,0.13015347967768554,2.810615649326107,,2.810615649326107,0,255,0,gated_1b_headwise_b8_per_tensor_none_calib4.json
gated_1b_headwise,0,8,per_tensor,position_0,14.591835641255223,16.688354399202144,2.096518757946921,0.13424896515356233,2.8147111348019838,,2.8147111348019838,0,255,1,gated_1b_headwise_b8_per_tensor_position_0_calib0.json
gated_1b_headwise,1,8,per_tensor,position_0,14.591835641255223,16.678222945182277,2.0863873039270544,0.13364168354798078,2.814103853196402,,2.814103853196402,0,255,1,gated_1b_headwise_b8_per_tensor_position_0_calib1.json
gated_1b_headwise,2,8,per_tensor,position_0,14.591835641255223,16.568096775381736,1.9762611341265135,0.12701679553003187,2.8074789651784533,,2.8074789651784533,0,255,1,gated_1b_headwise_b8_per_tensor_position_0_calib2.json
gated_1b_headwise,3,8,per_tensor,position_0,14.591835641255223,16.5768725124684,1.985036871213179,0.12754633213726274,2.808008501785684,,2.808008501785684,0,255,1,gated_1b_headwise_b8_per_tensor_position_0_calib3.json
gated_1b_headwise,4,8,per_tensor,position_0,14.591835641255223,16.787260710154243,2.19542506889902,0.14015813805045374,2.820620307698875,,2.820620307698875,0,255,1,gated_1b_headwise_b8_per_tensor_position_0_calib4.json
gated_1b_headwise,0,8,per_token,none,14.591835641255223,14.98077139722761,0.38893575597238694,0.02630530225685268,2.706767471905274,,2.706767471905274,0,255,0,gated_1b_headwise_b8_per_token_none_calib0.json
gated_1b_headwise,1,8,per_token,none,14.591835641255223,14.98077139722761,0.38893575597238694,0.02630530225685268,2.706767471905274,,2.706767471905274,0,255,0,gated_1b_headwise_b8_per_token_none_calib1.json
gated_1b_headwise,2,8,per_token,none,14.591835641255223,14.98077139722761,0.38893575597238694,0.02630530225685268,2.706767471905274,,2.706767471905274,0,255,0,gated_1b_headwise_b8_per_token_none_calib2.json
gated_1b_headwise,3,8,per_token,none,14.591835641255223,14.98077139722761,0.38893575597238694,0.02630530225685268,2.706767471905274,,2.706767471905274,0,255,0,gated_1b_headwise_b8_per_token_none_calib3.json
gated_1b_headwise,4,8,per_token,none,14.591835641255223,14.98077139722761,0.38893575597238694,0.02630530225685268,2.706767471905274,,2.706767471905274,0,255,0,gated_1b_headwise_b8_per_token_none_calib4.json
gated_1b_headwise,0,8,per_token,position_0,14.591835641255223,14.963073907882992,0.3712382666277687,0.025123256916655734,2.705585426565077,,2.705585426565077,0,255,1,gated_1b_headwise_b8_per_token_position_0_calib0.json
gated_1b_headwise,1,8,per_token,position_0,14.591835641255223,14.963073907882992,0.3712382666277687,0.025123256916655734,2.705585426565077,,2.705585426565077,0,255,1,gated_1b_headwise_b8_per_token_position_0_calib1.json
gated_1b_headwise,2,8,per_token,position_0,14.591835641255223,14.963073907882992,0.3712382666277687,0.025123256916655734,2.705585426565077,,2.705585426565077,0,255,1,gated_1b_headwise_b8_per_token_position_0_calib2.json
gated_1b_headwise,3,8,per_token,position_0,14.591835641255223,14.963073907882992,0.3712382666277687,0.025123256916655734,2.705585426565077,,2.705585426565077,0,255,1,gated_1b_headwise_b8_per_token_position_0_calib3.json
gated_1b_headwise,4,8,per_token,position_0,14.591835641255223,14.963073907882992,0.3712382666277687,0.025123256916655734,2.705585426565077,,2.705585426565077,0,255,1,gated_1b_headwise_b8_per_token_position_0_calib4.json
gpt2_small,0,4,per_tensor,none,29.647933047426474,6382.554323365514,6352.906390318088,5.371931249087151,8.761323660378363,,8.761323660378363,0,255,0,gpt2_small_b4_per_tensor_none_calib0.json
gpt2_small,1,4,per_tensor,none,29.647933047426474,6227.205690836051,6197.557757788624,5.347290575127559,8.73668298641877,,8.73668298641877,0,255,0,gpt2_small_b4_per_tensor_none_calib1.json
gpt2_small,2,4,per_tensor,none,29.647933047426474,6704.599358074569,6674.951425027142,5.421156629928575,8.810549041219787,,8.810549041219787,0,255,0,gpt2_small_b4_per_tensor_none_calib2.json
gpt2_small,3,4,per_tensor,none,29.647933047426474,6529.1823867594585,6499.534453712032,5.394644594374213,8.784037005665425,,8.784037005665425,0,255,0,gpt2_small_b4_per_tensor_none_calib3.json
gpt2_small,4,4,per_tensor,none,29.647933047426474,5439.993211996097,5410.34527894867,5.212140680763163,8.601533092054375,,8.601533092054375,0,255,0,gpt2_small_b4_per_tensor_none_calib4.json
gpt2_small,0,4,per_tensor,position_0,29.647933047426474,3951.971869356621,3922.323936309195,4.892577529473435,8.281969940764647,,8.281969940764647,0,255,1,gpt2_small_b4_per_tensor_position_0_calib0.json
gpt2_small,1,4,per_tensor,position_0,29.647933047426474,2966.363887981729,2936.7159549343028,4.605699790321532,7.995092201612744,,7.995092201612744,0,255,1,gpt2_small_b4_per_tensor_position_0_calib1.json
gpt2_small,2,4,per_tensor,position_0,29.647933047426474,3184.618709042101,3154.9707759946746,4.676695434962221,8.066087846253433,,8.066087846253433,0,255,1,gpt2_small_b4_per_tensor_position_0_calib2.json
gpt2_small,3,4,per_tensor,position_0,29.647933047426474,4068.6419384641713,4038.994005416745,4.921672135410159,8.31106454670137,,8.31106454670137,0,255,1,gpt2_small_b4_per_tensor_position_0_calib3.json
gpt2_small,4,4,per_tensor,position_0,29.647933047426474,3126.9813153276436,3097.3333822802174,4.658430970877797,8.047823382169009,,8.047823382169009,0,255,1,gpt2_small_b4_per_tensor_position_0_calib4.json
gpt2_small,0,4,per_token,none,29.647933047426474,2097.4630809350333,2067.815147887607,4.2590914254339935,7.648483836725206,,7.648483836725206,0,255,0,gpt2_small_b4_per_token_none_calib0.json
gpt2_small,1,4,per_token,none,29.647933047426474,2097.4630809350333,2067.815147887607,4.2590914254339935,7.648483836725206,,7.648483836725206,0,255,0,gpt2_small_b4_per_token_none_calib1.json
gpt2_small,2,4,per_token,none,29.647933047426474,2097.4630809350333,2067.815147887607,4.2590914254339935,7.648483836725206,,7.648483836725206,0,255,0,gpt2_small_b4_per_token_none_calib2.json
gpt2_small,3,4,per_token,none,29.647933047426474,2097.4630809350333,2067.815147887607,4.2590914254339935,7.648483836725206,,7.648483836725206,0,255,0,gpt2_small_b4_per_token_none_calib3.json
gpt2_small,4,4,per_token,none,29.647933047426474,2097.4630809350333,2067.815147887607,4.2590914254339935,7.648483836725206,,7.648483836725206,0,255,0,gpt2_small_b4_per_token_none_calib4.json
gpt2_small,0,4,per_token,position_0,29.647933047426474,2045.0411386263527,2015.3932055789262,4.2337807736710555,7.623173184962267,,7.623173184962267,0,255,1,gpt2_small_b4_per_token_position_0_calib0.json
gpt2_small,1,4,per_token,position_0,29.647933047426474,2045.0411386263527,2015.3932055789262,4.2337807736710555,7.623173184962267,,7.623173184962267,0,255,1,gpt2_small_b4_per_token_position_0_calib1.json
gpt2_small,2,4,per_token,position_0,29.647933047426474,2045.0411386263527,2015.3932055789262,4.2337807736710555,7.623173184962267,,7.623173184962267,0,255,1,gpt2_small_b4_per_token_position_0_calib2.json
gpt2_small,3,4,per_token,position_0,29.647933047426474,2045.0411386263527,2015.3932055789262,4.2337807736710555,7.623173184962267,,7.623173184962267,0,255,1,gpt2_small_b4_per_token_position_0_calib3.json
gpt2_small,4,4,per_token,position_0,29.647933047426474,2045.0411386263527,2015.3932055789262,4.2337807736710555,7.623173184962267,,7.623173184962267,0,255,1,gpt2_small_b4_per_token_position_0_calib4.json
gpt2_small,0,6,per_tensor,none,29.42392783253628,1257.345366215529,1227.9214383829928,3.754949710014755,7.136757925200258,,7.136757925200258,0,255,0,gpt2_small_b6_per_tensor_none_calib0.json
gpt2_small,1,6,per_tensor,none,29.42392783253628,1240.0938097208734,1210.6698818883372,3.74113409355274,7.122942308738243,,7.122942308738243,0,255,0,gpt2_small_b6_per_tensor_none_calib1.json
gpt2_small,2,6,per_tensor,none,29.42392783253628,1261.7637291093813,1232.339801276845,3.758457590981719,7.140265806167222,,7.140265806167222,0,255,0,gpt2_small_b6_per_tensor_none_calib2.json
gpt2_small,3,6,per_tensor,none,29.42392783253628,1240.4755585036528,1211.0516306711165,3.7414418848128297,7.123250099998333,,7.123250099998333,0,255,0,gpt2_small_b6_per_tensor_none_calib3.json
gpt2_small,4,6,per_tensor,none,29.42392783253628,1263.9650353357397,1234.5411075032034,3.760200697220774,7.142008912406277,,7.142008912406277,0,255,0,gpt2_small_b6_per_tensor_none_calib4.json
gpt2_small,0,6,per_tensor,position_0,29.42392783253628,55.34898102515573,25.92505319261945,0.631850034136733,4.013658249322236,,4.013658249322236,0,255,1,gpt2_small_b6_per_tensor_position_0_calib0.json
gpt2_small,1,6,per_tensor,position_0,29.42392783253628,60.6476537452266,31.22372591269032,0.7232727342992438,4.105080949484747,,4.105080949484747,0,255,1,gpt2_small_b6_per_tensor_position_0_calib1.json
gpt2_small,2,6,per_tensor,position_0,29.42392783253628,57.863626443463545,28.439698610927266,0.676280758573037,4.05808897375854,,4.05808897375854,0,255,1,gpt2_small_b6_per_tensor_position_0_calib2.json
gpt2_small,3,6,per_tensor,position_0,29.42392783253628,55.18170447505727,25.757776642520994,0.628823242489696,4.010631457675199,,4.010631457675199,0,255,1,gpt2_small_b6_per_tensor_position_0_calib3.json
gpt2_small,4,6,per_tensor,position_0,29.42392783253628,56.468452934971126,27.044525102434847,0.6518739118953616,4.033682127080865,,4.033682127080865,0,255,1,gpt2_small_b6_per_tensor_position_0_calib4.json
gpt2_small,0,6,per_token,none,29.42392783253628,33.85007142658492,4.426143594048639,0.1401328942616895,3.5219411094471926,,3.5219411094471926,0,255,0,gpt2_small_b6_per_token_none_calib0.json
gpt2_small,1,6,per_token,none,29.42392783253628,33.85007142658492,4.426143594048639,0.1401328942616895,3.5219411094471926,,3.5219411094471926,0,255,0,gpt2_small_b6_per_token_none_calib1.json
gpt2_small,2,6,per_token,none,29.42392783253628,33.85007142658492,4.426143594048639,0.1401328942616895,3.5219411094471926,,3.5219411094471926,0,255,0,gpt2_small_b6_per_token_none_calib2.json
gpt2_small,3,6,per_token,none,29.42392783253628,33.85007142658492,4.426143594048639,0.1401328942616895,3.5219411094471926,,3.5219411094471926,0,255,0,gpt2_small_b6_per_token_none_calib3.json
gpt2_small,4,6,per_token,none,29.42392783253628,33.85007142658492,4.426143594048639,0.1401328942616895,3.5219411094471926,,3.5219411094471926,0,255,0,gpt2_small_b6_per_token_none_calib4.json
gpt2_small,0,6,per_token,position_0,29.42392783253628,32.696821415122436,3.272893582586157,0.10546965356254123,3.4872778687480444,,3.4872778687480444,0,255,1,gpt2_small_b6_per_token_position_0_calib0.json
gpt2_small,1,6,per_token,position_0,29.42392783253628,32.696821415122436,3.272893582586157,0.10546965356254123,3.4872778687480444,,3.4872778687480444,0,255,1,gpt2_small_b6_per_token_position_0_calib1.json
gpt2_small,2,6,per_token,position_0,29.42392783253628,32.696821415122436,3.272893582586157,0.10546965356254123,3.4872778687480444,,3.4872778687480444,0,255,1,gpt2_small_b6_per_token_position_0_calib2.json
gpt2_small,3,6,per_token,position_0,29.42392783253628,32.696821415122436,3.272893582586157,0.10546965356254123,3.4872778687480444,,3.4872778687480444,0,255,1,gpt2_small_b6_per_token_position_0_calib3.json
gpt2_small,4,6,per_token,position_0,29.42392783253628,32.696821415122436,3.272893582586157,0.10546965356254123,3.4872778687480444,,3.4872778687480444,0,255,1,gpt2_small_b6_per_token_position_0_calib4.json
gpt2_small,0,8,per_tensor,none,29.647933047426474,41.29479125684057,11.646858209414095,0.33134396103292785,3.72073637232414,,3.72073637232414,0,255,0,gpt2_small_b8_per_tensor_none_calib0.json
gpt2_small,1,8,per_tensor,none,29.647933047426474,36.25574350363007,6.607810456203598,0.2012053989383964,3.5905978102296086,,3.5905978102296086,0,255,0,gpt2_small_b8_per_tensor_none_calib1.json
gpt2_small,2,8,per_tensor,none,29.647933047426474,38.197861821297955,8.549928773871482,0.2533871294903043,3.6427795407815164,,3.6427795407815164,0,255,0,gpt2_small_b8_per_tensor_none_calib2.json
gpt2_small,3,8,per_tensor,none,29.647933047426474,36.2267045363363,6.578771488909826,0.20040412995169143,3.5897965412429036,,3.5897965412429036,0,255,0,gpt2_small_b8_per_tensor_none_calib3.json
gpt2_small,4,8,per_tensor,none,29.647933047426474,36.62765074302787,6.979717695601398,0.21141102866331396,3.600803439954526,,3.600803439954526,0,255,0,gpt2_small_b8_per_tensor_none_calib4.json
gpt2_small,0,8,per_tensor,position_0,29.647933047426474,33.48274679601023,3.834813748583759,0.12163787385631242,3.5110302851475246,,3.5110302851475246,0,255,1,gpt2_small_b8_per_tensor_position_0_calib0.json
gpt2_small,1,8,per_tensor,position_0,29.647933047426474,31.085166192433544,1.4372331450070703,0.047338322802592536,3.4367307340938047,,3.4367307340938047,0,255,1,gpt2_small_b8_per_tensor_position_0_calib1.json
gpt2_small,2,8,per_tensor,position_0,29.647933047426474,31.760493206010445,2.112560158583971,0.06883075412364681,3.458223165414859,,3.458223165414859,0,255,1,gpt2_small_b8_per_tensor_position_0_calib2.json
gpt2_small,3,8,per_tensor,position_0,29.647933047426474,30.981432112464116,1.3334990650376426,0.04399564962920843,3.4333880609204206,,3.4333880609204206,0,255,1,gpt2_small_b8_per_tensor_position_0_calib3.json
gpt2_small,4,8,per_tensor,position_0,29.647933047426474,31.123708827488638,1.4757757800621647,0.0485774591790169,3.437969870470229,,3.437969870470229,0,255,1,gpt2_small_b8_per_tensor_position_0_calib4.json
gpt2_small,0,8,per_token,none,29.647933047426474,29.922715125034607,0.27478207760813333,0.00922548385545463,3.398617895146667,,3.398617895146667,0,255,0,gpt2_small_b8_per_token_none_calib0.json
gpt2_small,1,8,per_token,none,29.647933047426474,29.922715125034607,0.27478207760813333,0.00922548385545463,3.398617895146667,,3.398617895146667,0,255,0,gpt2_small_b8_per_token_none_calib1.json
gpt2_small,2,8,per_token,none,29.647933047426474,29.922715125034607,0.27478207760813333,0.00922548385545463,3.398617895146667,,3.398617895146667,0,255,0,gpt2_small_b8_per_token_none_calib2.json
gpt2_small,3,8,per_token,none,29.647933047426474,29.922715125034607,0.27478207760813333,0.00922548385545463,3.398617895146667,,3.398617895146667,0,255,0,gpt2_small_b8_per_token_none_calib3.json
gpt2_small,4,8,per_token,none,29.647933047426474,29.922715125034607,0.27478207760813333,0.00922548385545463,3.398617895146667,,3.398617895146667,0,255,0,gpt2_small_b8_per_token_none_calib4.json
gpt2_small,0,8,per_token,position_0,29.647933047426474,29.78196166918148,0.1340286217550073,0.004510485829484434,3.3939028971206966,,3.3939028971206966,0,255,1,gpt2_small_b8_per_token_position_0_calib0.json
gpt2_small,1,8,per_token,position_0,29.647933047426474,29.78196166918148,0.1340286217550073,0.004510485829484434,3.3939028971206966,,3.3939028971206966,0,255,1,gpt2_small_b8_per_token_position_0_calib1.json
gpt2_small,2,8,per_token,position_0,29.647933047426474,29.78196166918148,0.1340286217550073,0.004510485829484434,3.3939028971206966,,3.3939028971206966,0,255,1,gpt2_small_b8_per_token_position_0_calib2.json
gpt2_small,3,8,per_token,position_0,29.647933047426474,29.78196166918148,0.1340286217550073,0.004510485829484434,3.3939028971206966,,3.3939028971206966,0,255,1,gpt2_small_b8_per_token_position_0_calib3.json
gpt2_small,4,8,per_token,position_0,29.647933047426474,29.78196166918148,0.1340286217550073,0.004510485829484434,3.3939028971206966,,3.3939028971206966,0,255,1,gpt2_small_b8_per_token_position_0_calib4.json
qwen3_0.6b_base,0,4,per_tensor,none,17.914089644138283,1784608.850983738,1784590.9368940939,11.509122283902553,14.394709818081601,,14.394709818081601,0,255,0,qwen3_0.6b_base_b4_per_tensor_none_calib0.json
qwen3_0.6b_base,1,4,per_tensor,none,17.914089644138283,1090914.5826281733,1090896.6685385292,11.016939434838008,13.902526969017059,,13.902526969017059,0,255,0,qwen3_0.6b_base_b4_per_tensor_none_calib1.json
qwen3_0.6b_base,2,4,per_tensor,none,17.914089644138283,2825906.3042025287,2825888.3901128843,11.968752152580205,14.854339686759255,,14.854339686759255,0,255,0,qwen3_0.6b_base_b4_per_tensor_none_calib2.json
qwen3_0.6b_base,3,4,per_tensor,none,17.914089644138283,4436864.182108453,4436846.268018808,12.419870885415644,15.305458419594695,,15.305458419594695,0,255,0,qwen3_0.6b_base_b4_per_tensor_none_calib3.json
qwen3_0.6b_base,4,4,per_tensor,none,17.914089644138283,2984859.935674634,2984842.0215849895,12.023475846806818,14.909063380985868,,14.909063380985868,0,255,0,qwen3_0.6b_base_b4_per_tensor_none_calib4.json
qwen3_0.6b_base,0,4,per_tensor,position_0,17.914089644138283,361308.00560567004,361290.0915160259,9.911898540490526,12.797486074669576,,12.797486074669576,0,255,1,qwen3_0.6b_base_b4_per_tensor_position_0_calib0.json
qwen3_0.6b_base,1,4,per_tensor,position_0,17.914089644138283,158528.86285804436,158510.94876840024,9.088104421592973,11.973691955772024,,11.973691955772024,0,255,1,qwen3_0.6b_base_b4_per_tensor_position_0_calib1.json
qwen3_0.6b_base,2,4,per_tensor,position_0,17.914089644138283,203436.44786100456,203418.53377136044,9.337521405388017,12.223108939567066,,12.223108939567066,0,255,1,qwen3_0.6b_base_b4_per_tensor_position_0_calib2.json
qwen3_0.6b_base,3,4,per_tensor,position_0,17.914089644138283,218739.58130802348,218721.66721837936,9.41004964060037,12.295637174779419,,12.295637174779419,0,255,1,qwen3_0.6b_base_b4_per_tensor_position_0_calib3.json
qwen3_0.6b_base,4,4,per_tensor,position_0,17.914089644138283,269564.7595048159,269546.84541517176,9.61897640129451,12.504563935473561,,12.504563935473561,0,255,1,qwen3_0.6b_base_b4_per_tensor_position_0_calib4.json
qwen3_0.6b_base,0,4,per_token,none,17.914089644138283,253918.49116814657,253900.57707850245,9.559181059409099,12.44476859358815,,12.44476859358815,0,255,0,qwen3_0.6b_base_b4_per_token_none_calib0.json
qwen3_0.6b_base,1,4,per_token,none,17.914089644138283,253918.49116814657,253900.57707850245,9.559181059409099,12.44476859358815,,12.44476859358815,0,255,0,qwen3_0.6b_base_b4_per_token_none_calib1.json
qwen3_0.6b_base,2,4,per_token,none,17.914089644138283,253918.49116814657,253900.57707850245,9.559181059409099,12.44476859358815,,12.44476859358815,0,255,0,qwen3_0.6b_base_b4_per_token_none_calib2.json
qwen3_0.6b_base,3,4,per_token,none,17.914089644138283,253918.49116814657,253900.57707850245,9.559181059409099,12.44476859358815,,12.44476859358815,0,255,0,qwen3_0.6b_base_b4_per_token_none_calib3.json
qwen3_0.6b_base,4,4,per_token,none,17.914089644138283,253918.49116814657,253900.57707850245,9.559181059409099,12.44476859358815,,12.44476859358815,0,255,0,qwen3_0.6b_base_b4_per_token_none_calib4.json
qwen3_0.6b_base,0,4,per_token,position_0,17.914089644138283,6203.0379553469,6185.123865702762,5.84720690964475,8.7327944438238,,8.7327944438238,0,255,1,qwen3_0.6b_base_b4_per_token_position_0_calib0.json
qwen3_0.6b_base,1,4,per_token,position_0,17.914089644138283,6203.0379553469,6185.123865702762,5.84720690964475,8.7327944438238,,8.7327944438238,0,255,1,qwen3_0.6b_base_b4_per_token_position_0_calib1.json
qwen3_0.6b_base,2,4,per_token,position_0,17.914089644138283,6203.0379553469,6185.123865702762,5.84720690964475,8.7327944438238,,8.7327944438238,0,255,1,qwen3_0.6b_base_b4_per_token_position_0_calib2.json
qwen3_0.6b_base,3,4,per_token,position_0,17.914089644138283,6203.0379553469,6185.123865702762,5.84720690964475,8.7327944438238,,8.7327944438238,0,255,1,qwen3_0.6b_base_b4_per_token_position_0_calib3.json
qwen3_0.6b_base,4,4,per_token,position_0,17.914089644138283,6203.0379553469,6185.123865702762,5.84720690964475,8.7327944438238,,8.7327944438238,0,255,1,qwen3_0.6b_base_b4_per_token_position_0_calib4.json
qwen3_0.6b_base,0,6,per_tensor,none,17.880791432882745,1485.5801988670469,1467.6994074341642,4.419833648888931,7.303560681238741,,7.303560681238741,0,255,0,qwen3_0.6b_base_b6_per_tensor_none_calib0.json
qwen3_0.6b_base,1,6,per_tensor,none,17.880791432882745,1481.7431900301758,1463.8623985972931,4.417247472410951,7.300974504760761,,7.300974504760761,0,255,0,qwen3_0.6b_base_b6_per_tensor_none_calib1.json
qwen3_0.6b_base,2,6,per_tensor,none,17.880791432882745,1345.333840430268,1327.4530489973854,4.320670437385836,7.204397469735647,,7.204397469735647,0,255,0,qwen3_0.6b_base_b6_per_tensor_none_calib2.json
qwen3_0.6b_base,3,6,per_tensor,none,17.880791432882745,1557.1264590612348,1539.245667628352,4.466870355878555,7.3505973882283655,,7.3505973882283655,0,255,0,qwen3_0.6b_base_b6_per_tensor_none_calib3.json
qwen3_0.6b_base,4,6,per_tensor,none,17.880791432882745,1430.5515645702437,1412.670773137361,4.38208832602704,7.265815358376851,,7.265815358376851,0,255,0,qwen3_0.6b_base_b6_per_tensor_none_calib4.json
qwen3_0.6b_base,0,6,per_tensor,position_0,17.880791432882745,433.7539850131884,415.87319358030567,3.188750486219345,6.072477518569156,,6.072477518569156,0,255,1,qwen3_0.6b_base_b6_per_tensor_position_0_calib0.json
qwen3_0.6b_base,1,6,per_tensor,position_0,17.880791432882745,469.54468407375384,451.6638926408711,3.268036435515788,6.151763467865599,,6.151763467865599,0,255,1,qwen3_0.6b_base_b6_per_tensor_position_0_calib1.json
qwen3_0.6b_base,2,6,per_tensor,position_0,17.880791432882745,571.7604493813391,553.8796579484563,3.4649930765230894,6.3487201088729,,6.3487201088729,0,255,1,qwen3_0.6b_base_b6_per_tensor_position_0_calib2.json
qwen3_0.6b_base,3,6,per_tensor,position_0,17.880791432882745,396.3040998437864,378.42330841090364,3.09845481309659,5.982181845446401,,5.982181845446401,0,255,1,qwen3_0.6b_base_b6_per_tensor_position_0_calib3.json
qwen3_0.6b_base,4,6,per_tensor,position_0,17.880791432882745,487.84318878315025,469.9623973502675,3.3062669874035984,6.189994019753409,,6.189994019753409,0,255,1,qwen3_0.6b_base_b6_per_tensor_position_0_calib4.json
qwen3_0.6b_base,0,6,per_token,none,17.880791432882745,27.56605598640375,9.685264553521005,0.4328581279152135,3.3165851602650243,,3.3165851602650243,0,255,0,qwen3_0.6b_base_b6_per_token_none_calib0.json
qwen3_0.6b_base,1,6,per_token,none,17.880791432882745,27.56605598640375,9.685264553521005,0.4328581279152135,3.3165851602650243,,3.3165851602650243,0,255,0,qwen3_0.6b_base_b6_per_token_none_calib1.json
qwen3_0.6b_base,2,6,per_token,none,17.880791432882745,27.56605598640375,9.685264553521005,0.4328581279152135,3.3165851602650243,,3.3165851602650243,0,255,0,qwen3_0.6b_base_b6_per_token_none_calib2.json
qwen3_0.6b_base,3,6,per_token,none,17.880791432882745,27.56605598640375,9.685264553521005,0.4328581279152135,3.3165851602650243,,3.3165851602650243,0,255,0,qwen3_0.6b_base_b6_per_token_none_calib3.json
qwen3_0.6b_base,4,6,per_token,none,17.880791432882745,27.56605598640375,9.685264553521005,0.4328581279152135,3.3165851602650243,,3.3165851602650243,0,255,0,qwen3_0.6b_base_b6_per_token_none_calib4.json
qwen3_0.6b_base,0,6,per_token,position_0,17.880791432882745,26.50386670176348,8.623075268880736,0.393563603272153,3.2772906356219638,,3.2772906356219638,0,255,1,qwen3_0.6b_base_b6_per_token_position_0_calib0.json
qwen3_0.6b_base,1,6,per_token,position_0,17.880791432882745,26.50386670176348,8.623075268880736,0.393563603272153,3.2772906356219638,,3.2772906356219638,0,255,1,qwen3_0.6b_base_b6_per_token_position_0_calib1.json
qwen3_0.6b_base,2,6,per_token,position_0,17.880791432882745,26.50386670176348,8.623075268880736,0.393563603272153,3.2772906356219638,,3.2772906356219638,0,255,1,qwen3_0.6b_base_b6_per_token_position_0_calib2.json
qwen3_0.6b_base,3,6,per_token,position_0,17.880791432882745,26.50386670176348,8.623075268880736,0.393563603272153,3.2772906356219638,,3.2772906356219638,0,255,1,qwen3_0.6b_base_b6_per_token_position_0_calib3.json
qwen3_0.6b_base,4,6,per_token,position_0,17.880791432882745,26.50386670176348,8.623075268880736,0.393563603272153,3.2772906356219638,,3.2772906356219638,0,255,1,qwen3_0.6b_base_b6_per_token_position_0_calib4.json
qwen3_0.6b_base,0,8,per_tensor,none,17.914089644138283,32.18789097396053,14.273801329822245,0.5860027909349563,3.471590325114006,,3.471590325114006,0,255,0,qwen3_0.6b_base_b8_per_tensor_none_calib0.json
qwen3_0.6b_base,1,8,per_tensor,none,17.914089644138283,33.91222177010961,15.998132125971328,0.6381879394261483,3.523775473605198,,3.523775473605198,0,255,0,qwen3_0.6b_base_b8_per_tensor_none_calib1.json
qwen3_0.6b_base,2,8,per_tensor,none,17.914089644138283,31.304950590728197,13.390860946589914,0.5581887166981221,3.4437762508771717,,3.4437762508771717,0,255,0,qwen3_0.6b_base_b8_per_tensor_none_calib2.json
qwen3_0.6b_base,3,8,per_tensor,none,17.914089644138283,31.361912113662317,13.447822469524034,0.5600066324565702,3.44559416663562,,3.44559416663562,0,255,0,qwen3_0.6b_base_b8_per_tensor_none_calib3.json
qwen3_0.6b_base,4,8,per_tensor,none,17.914089644138283,32.19697354847231,14.282883904334025,0.5862849247761748,3.4718724589552243,,3.4718724589552243,0,255,0,qwen3_0.6b_base_b8_per_tensor_none_calib4.json
qwen3_0.6b_base,0,8,per_tensor,position_0,17.914089644138283,20.776636624928503,2.8625469807902206,0.14824158203617577,3.0338291162152253,,3.0338291162152253,0,255,1,qwen3_0.6b_base_b8_per_tensor_position_0_calib0.json
qwen3_0.6b_base,1,8,per_tensor,position_0,17.914089644138283,20.878570966931715,2.964481322793432,0.15313578621219737,3.038723320391247,,3.038723320391247,0,255,1,qwen3_0.6b_base_b8_per_tensor_position_0_calib1.json
qwen3_0.6b_base,2,8,per_tensor,position_0,17.914089644138283,20.665892200257186,2.7518025561189035,0.14289708731465378,3.0284846214937033,,3.0284846214937033,0,255,1,qwen3_0.6b_base_b8_per_tensor_position_0_calib2.json
qwen3_0.6b_base,3,8,per_tensor,position_0,17.914089644138283,20.33237904620848,2.4182894020701973,0.12662710807112276,3.0122146422501723,,3.0122146422501723,0,255,1,qwen3_0.6b_base_b8_per_tensor_position_0_calib3.json
qwen3_0.6b_base,4,8,per_tensor,position_0,17.914089644138283,20.65155340185849,2.7374637577202066,0.1422030076703109,3.0277905418493605,,3.0277905418493605,0,255,1,qwen3_0.6b_base_b8_per_tensor_position_0_calib4.json
qwen3_0.6b_base,0,8,per_token,none,17.914089644138283,18.591749072394347,0.6776594282560637,0.037130349862923406,2.922717884041973,,2.922717884041973,0,255,0,qwen3_0.6b_base_b8_per_token_none_calib0.json
qwen3_0.6b_base,1,8,per_token,none,17.914089644138283,18.591749072394347,0.6776594282560637,0.037130349862923406,2.922717884041973,,2.922717884041973,0,255,0,qwen3_0.6b_base_b8_per_token_none_calib1.json
qwen3_0.6b_base,2,8,per_token,none,17.914089644138283,18.591749072394347,0.6776594282560637,0.037130349862923406,2.922717884041973,,2.922717884041973,0,255,0,qwen3_0.6b_base_b8_per_token_none_calib2.json
qwen3_0.6b_base,3,8,per_token,none,17.914089644138283,18.591749072394347,0.6776594282560637,0.037130349862923406,2.922717884041973,,2.922717884041973,0,255,0,qwen3_0.6b_base_b8_per_token_none_calib3.json
qwen3_0.6b_base,4,8,per_token,none,17.914089644138283,18.591749072394347,0.6776594282560637,0.037130349862923406,2.922717884041973,,2.922717884041973,0,255,0,qwen3_0.6b_base_b8_per_token_none_calib4.json
qwen3_0.6b_base,0,8,per_token,position_0,17.914089644138283,18.414668999579664,0.5005793554413813,0.027560041056281737,2.9131475752353313,,2.9131475752353313,0,255,1,qwen3_0.6b_base_b8_per_token_position_0_calib0.json
qwen3_0.6b_base,1,8,per_token,position_0,17.914089644138283,18.414668999579664,0.5005793554413813,0.027560041056281737,2.9131475752353313,,2.9131475752353313,0,255,1,qwen3_0.6b_base_b8_per_token_position_0_calib1.json
qwen3_0.6b_base,2,8,per_token,position_0,17.914089644138283,18.414668999579664,0.5005793554413813,0.027560041056281737,2.9131475752353313,,2.9131475752353313,0,255,1,qwen3_0.6b_base_b8_per_token_position_0_calib2.json
qwen3_0.6b_base,3,8,per_token,position_0,17.914089644138283,18.414668999579664,0.5005793554413813,0.027560041056281737,2.9131475752353313,,2.9131475752353313,0,255,1,qwen3_0.6b_base_b8_per_token_position_0_calib3.json
qwen3_0.6b_base,4,8,per_token,position_0,17.914089644138283,18.414668999579664,0.5005793554413813,0.027560041056281737,2.9131475752353313,,2.9131475752353313,0,255,1,qwen3_0.6b_base_b8_per_token_position_0_calib4.json
